"","seq","aa","aminoa","f1","f2","f3","f4","s_st","s_nd","s_rd"
"1","TTT","F","Phe",2,1,0,0,0,0,1
"2","TTC","F","Phe",2,1,0,0,0,0,1
"3","TTA","L","Leu",1,2,0,0,1,0,1
"4","TTG","L","Leu",1,2,0,0,1,0,1
"5","CTT","L","Leu",2,0,0,1,0,0,3
"6","CTC","L","Leu",2,0,0,1,0,0,3
"7","CTA","L","Leu",1,1,0,1,1,0,3
"8","CTG","L","Leu",1,1,0,1,1,0,3
"9","ATT","I","Ile",2,0,1,0,0,0,2
"10","ATC","I","Ile",2,0,1,0,0,0,2
"11","ATA","I","Ile",2,0,1,0,0,0,2
"12","ATG","M","Met",3,0,0,0,0,0,0
"13","GTT","V","Val",2,0,0,1,0,0,3
"14","GTC","V","Val",2,0,0,1,0,0,3
"15","GTA","V","Val",2,0,0,1,0,0,3
"16","GTG","V","Val",2,0,0,1,0,0,3
"17","TCT","S","Ser",2,0,0,1,0,0,3
"18","TCC","S","Ser",2,0,0,1,0,0,3
"19","TCA","S","Ser",2,0,0,1,0,0,3
"20","TCG","S","Ser",2,0,0,1,0,0,3
"21","CCT","P","Pro",2,0,0,1,0,0,3
"22","CCC","P","Pro",2,0,0,1,0,0,3
"23","CCA","P","Pro",2,0,0,1,0,0,3
"24","CCG","P","Pro",2,0,0,1,0,0,3
"25","ACT","T","Thr",2,0,0,1,0,0,3
"26","ACC","T","Thr",2,0,0,1,0,0,3
"27","ACA","T","Thr",2,0,0,1,0,0,3
"28","ACG","T","Thr",2,0,0,1,0,0,3
"29","GCT","A","Ala",2,0,0,1,0,0,3
"30","GCC","A","Ala",2,0,0,1,0,0,3
"31","GCA","A","Ala",2,0,0,1,0,0,3
"32","GCG","A","Ala",2,0,0,1,0,0,3
"33","TAT","Y","Tyr",2,1,0,0,0,0,1
"34","TAC","Y","Tyr",2,1,0,0,0,0,1
"35","TAA","*","Ter",1,2,0,0,0,1,1
"36","TAG","*","Ter",2,1,0,0,0,0,1
"37","CAT","H","His",2,1,0,0,0,0,1
"38","CAC","H","His",2,1,0,0,0,0,1
"39","CAA","Q","Gln",2,1,0,0,0,0,1
"40","CAG","Q","Gln",2,1,0,0,0,0,1
"41","AAT","N","Asn",2,1,0,0,0,0,1
"42","AAC","N","Asn",2,1,0,0,0,0,1
"43","AAA","K","Lys",2,1,0,0,0,0,1
"44","AAG","K","Lys",2,1,0,0,0,0,1
"45","GAT","D","Asp",2,1,0,0,0,0,1
"46","GAC","D","Asp",2,1,0,0,0,0,1
"47","GAA","E","Glu",2,1,0,0,0,0,1
"48","GAG","E","Glu",2,1,0,0,0,0,1
"49","TGT","C","Cys",2,1,0,0,0,0,1
"50","TGC","C","Cys",2,1,0,0,0,0,1
"51","TGA","*","Ter",2,1,0,0,0,1,0
"52","TGG","W","Trp",3,0,0,0,0,0,0
"53","CGT","R","Arg",2,0,0,1,0,0,3
"54","CGC","R","Arg",2,0,0,1,0,0,3
"55","CGA","R","Arg",1,1,0,1,1,0,3
"56","CGG","R","Arg",1,1,0,1,1,0,3
"57","AGT","S","Ser",2,1,0,0,0,0,1
"58","AGC","S","Ser",2,1,0,0,0,0,1
"59","AGA","R","Arg",1,2,0,0,1,0,1
"60","AGG","R","Arg",1,2,0,0,1,0,1
"61","GGT","G","Gly",2,0,0,1,0,0,3
"62","GGC","G","Gly",2,0,0,1,0,0,3
"63","GGA","G","Gly",2,0,0,1,0,0,3
"64","GGG","G","Gly",2,0,0,1,0,0,3
