"","seq","aa","aminoa"
"1","TTT","F","Phe"
"2","TTC","F","Phe"
"3","TTA","L","Leu"
"4","TTG","L","Leu"
"5","CTT","L","Leu"
"6","CTC","L","Leu"
"7","CTA","L","Leu"
"8","CTG","L","Leu"
"9","ATT","I","Ile"
"10","ATC","I","Ile"
"11","ATA","I","Ile"
"12","ATG","M","Met"
"13","GTT","V","Val"
"14","GTC","V","Val"
"15","GTA","V","Val"
"16","GTG","V","Val"
"17","TCT","S","Ser"
"18","TCC","S","Ser"
"19","TCA","S","Ser"
"20","TCG","S","Ser"
"21","CCT","P","Pro"
"22","CCC","P","Pro"
"23","CCA","P","Pro"
"24","CCG","P","Pro"
"25","ACT","T","Thr"
"26","ACC","T","Thr"
"27","ACA","T","Thr"
"28","ACG","T","Thr"
"29","GCT","A","Ala"
"30","GCC","A","Ala"
"31","GCA","A","Ala"
"32","GCG","A","Ala"
"33","TAT","Y","Tyr"
"34","TAC","Y","Tyr"
"35","TAA","*","Ter"
"36","TAG","*","Ter"
"37","CAT","H","His"
"38","CAC","H","His"
"39","CAA","Q","Gln"
"40","CAG","Q","Gln"
"41","AAT","N","Asn"
"42","AAC","N","Asn"
"43","AAA","K","Lys"
"44","AAG","K","Lys"
"45","GAT","D","Asp"
"46","GAC","D","Asp"
"47","GAA","E","Glu"
"48","GAG","E","Glu"
"49","TGT","C","Cys"
"50","TGC","C","Cys"
"51","TGA","*","Ter"
"52","TGG","W","Trp"
"53","CGT","R","Arg"
"54","CGC","R","Arg"
"55","CGA","R","Arg"
"56","CGG","R","Arg"
"57","AGT","S","Ser"
"58","AGC","S","Ser"
"59","AGA","R","Arg"
"60","AGG","R","Arg"
"61","GGT","G","Gly"
"62","GGC","G","Gly"
"63","GGA","G","Gly"
"64","GGG","G","Gly"
